Supplier,Category,Product Type,Product,Weight,Pallet Count,Price,Product Info for Website,Photo
Unifeed,Beef Cattle,Minerals / Supplements,1:1 Salt Free Mineral w/sel,25 kg,40,$41.70
Unifeed,Sheep,Minerals / Supplements,1:1 Sheep Mineral w/sel,25 kg,40,$35.30
Unifeed,Beef Cattle,Minerals / Supplements,1:1 Stock Mineral Block w/sel,25 kg,40,$34.20
Unifeed,Beef Cattle,Minerals / Supplements,1:3 Cattle Mineral w/sel,25 kg,40,$39.70
Unifeed,Equine,Complete Horse Feeds,10% TDI Broodmare,20 kg,50,$17.50
Unifeed,Beef Cattle,Minerals / Supplements,1-1 Heifer Mineral,25 kg,40,$40.10
Unifeed,Beef Cattle,Complete Beef Feeds,12% Beef Finisher Plain,20 kg,50,$10.80
Unifeed,Equine,Complete Horse Feeds,12% Equisine Complete Horse Feed,20 kg,50,$12.70
Unifeed,Equine,Complete Horse Feeds,12% Horse Sweet Feed,20 kg,50,$13.60
Unifeed,Beef Cattle,Complete Beef Feeds,13% Barley Pellets with Apple,20 kg,50,$9.10
Unifeed,Beef Cattle,Complete Beef Feeds,13% Barley Range Cubes,20 kg,50,$8.80
Unifeed,Beef Cattle,Complete Beef Feeds,13% Barley Range Pellet w/apple,20 kg,50,$9.40
Unifeed,Beef Cattle,Complete Beef Feeds,13% Beef Developer Plain,20 kg,50,$11.20
Unifeed,Beef Cattle,Complete Beef Feeds,13% Beef Grower Plain,20 kg,50,$11.28
Unifeed,Equine,Complete Horse Feeds,13% Equisine Horse Sweet Feed,20 kg,50,$14.40
Unifeed,Beef Cattle,Complete Beef Feeds,13% Show Bull Ration,20 kg,50,$11.16
Unifeed,Sheep,Misc.,14% Lamb Grower/Finisher Pellets,20 kg,50,$10.60
Unifeed,Hog,Complete Hog Feeds,15% Lean Gro Hog Grower/Finisher,20 kg,50,$13.60
Unifeed,Dairy,Complete Dairy Feeds,15% Steam Up Dry Cow Ration,20 kg,50,$14.20
Unifeed,Dairy,Complete Dairy Feeds,16% Dairy Choice Ration,20 kg,50,$12.00
Unifeed,Poultry,Complete Poultry Feeds,16% Red Barn Poultry Finisher,20kg,50,$10.70
Unifeed,Poultry,Complete Poultry Feeds,16% Red Barn Poultry Grower (amprol),20 kg,50,$10.80
Unifeed,Dairy,Complete Dairy Feeds,16% Rolled Calf Developer,20 kg,50,$12.00
Unifeed,Equine,Complete Horse Feeds,16% TDI Complete Horse Feed,20 kg,50,$15.70
Unifeed,Poultry,Complete Poultry Feeds,17% Red Barn Poultry Layer,20 kg,50,$11.20
Unifeed,Poultry,Complete Poultry Feeds,17% Red Barn Poultry Pellet,20 kg,50,$11.20
Unifeed,Sheep,Misc.,18% Lamb Creep Feed (chior),20 kg,50,$11.50
Unifeed,Any,Pet Food,18% Rabbit Pellets,25 kg,50,$11.60
Unifeed,Poultry,Complete Poultry Feeds,18% Red Barn Turkey Developer,20 kg,50,$12.40
Unifeed,Beef Cattle,Minerals / Supplements,2:1 Cattle Mineral w/sel,25 kg,40,$28.20
Unifeed,Equine,Complete Horse Feeds,20% Equisine Foal Starter,20 kg,50,$14.90
Unifeed,Poultry,Complete Poultry Feeds,20% Red Barn Poultry Starter (amprol),20 kg,50,$12.70
Unifeed,Dairy,Complete Dairy Feeds,20% Rolled Calf Starter (coxi-stop),20 kg,50,$14.30
Unifeed,Poultry,Complete Poultry Feeds,21% Red Barn Duck & Goose Starter,20 kg,50,$13.20
Unifeed,Poultry,Complete Poultry Feeds,22% Red Barn Turkey Grower (amprol),20 kg,50,$12.60
Unifeed,Dairy,Complete Dairy Feeds,25% Energizer Top Dress lll,20 kg,50,$16.30
Unifeed,Beef Cattle,Minerals / Supplements,25% Unifeed Tub,250 lb Barrel,8,$141.00
Unifeed,Poultry,Complete Poultry Feeds,26% Red Barn Turkey Starter (amprol),20 kg,50,$13.50
Unifeed,Dairy,Complete Dairy Feeds,32% Dairy Choice Supplement,20 kg,50,$15.30
Unifeed,Beef Cattle,Complete Beef Feeds,32% Sweet Cattle Supp. W/600 Rum,20 kg,50,$11.80
Unifeed,Beef Cattle,Complete Beef Feeds,32% Sweet Cattle Supplement,20 kg,50,$10.80
Unifeed,Poultry,Complete Poultry Feeds,35% Red Barn Poultry Supplement,20 kg,50,$18.20
Unifeed,Beef Cattle,Minerals / Supplements,35% Unifeed Tub,250 lb Barrel,8,$151.00
Unifeed,Sheep,Misc.,36% No-Urea Sheep Supplement,20 kg,50,$15.60
Unifeed,Beef Cattle,Minerals / Supplements,4:1 Beef Cattle Mineral w/sel,25 kg,40,$28.70
Unifeed,Beef Cattle,Complete Beef Feeds,4H Show Steer Plain,20 kg,50,$10.80
Unifeed,Beef Cattle,Complete Beef Feeds,4H Show Steer w/Rum,20 kg,50,$10.80
Unifeed,Any,Misc.,Alfalfa Cubes,25 kg,40,$11.00
Unifeed,Any,Grains,Beet Pulp,20 kg,50,$10.20
Unifeed,Any,Grains,Bran,25 kg,40,$17.40
Unifeed,Beef Cattle,Minerals / Supplements,Breeders Choice Chelated Mineral,25 kg,40,$49.30
Unifeed,Equine,Complete Horse Feeds,Calf Manna,20 kg,50,$34.00
Unifeed,Any,Salt,Colbalt Salt Block,20 kg,50,$5.80
Unifeed,Any,Salt,Colbalt Salt Lick,2 kg,10,$4.30
Unifeed,Any,Salt,Colbalt Stock Salt,25 kg,40,$8.40
Unifeed,Any,Grains,Cor Cracked Corn,20 kg,50,$10.10
Unifeed,Any,Grains,Cracked Wheat,20 kg,50,$9.80
Unifeed,Dairy,Milk Replacer,Dew Drop Calf Care Milk Replacer,20 kg,50,$62.00
Unifeed,Dairy,Milk Replacer,Dew Drop Hi NRG Milk Replacer,20 kg,50,$79.00
Unifeed,Sheep,Milk Replacer,Dew Drop Lamb Milk Replacer,10 kg,,$48.00
Unifeed,Equine,Minerals / Supplements,Equest Block,25 kg,40,$28.00
Unifeed,Equine,Complete Horse Feeds,Equine Power 2000,20 kg,50,$42.00
Unifeed,Equine,Minerals / Supplements,Equi-Pro 14% Horse Tub,100 lb Barrel,16,$67.00
Unifeed,Equine,Complete Horse Feeds,Equisine Horse Cubes,20 kg,50,$13.10
Unifeed,Dairy,Complete Dairy Feeds,Far Off' Dairy Cow Premix,25 kg,40,$56.40
Unifeed,Equine,Grains,Flax - Milled,50 lbs,40,$51.00
Unifeed,Equine,Grains,"Flax, Whole Brown",25 kg,40,$17.40
Unifeed,Hog,Complete Hog Feeds,GFC Phase 1 Pig Starter (LS20/Hi Zn),20 kg,50,$19.10
Unifeed,Hog,Complete Hog Feeds,GFC Phase 2 Pig Starter (LS20/Hi Zn),20 kg,50,$13.40
Unifeed,Hog,Complete Hog Feeds,GFC Phase 3 Pig PreGrower (LS20),20 kg,50,$11.00
Unifeed,Poultry,Complete Poultry Feeds,Granite Grit #1,25 kg,40,$8.70
Unifeed,Poultry,Complete Poultry Feeds,Granite Grit #2,25 kg,40,$8.70
Unifeed,Poultry,Complete Poultry Feeds,Granite Grit #3,25 kg,40,$8.70
Unifeed,Poultry,Grains,Hen Scratch,20 kg,50,$10.50
Unifeed,Any,Complete Poultry Feeds,Hydrated Lime,25 kg,40,$10.50
Unifeed,Any,Salt,Iodized Salt Block,20 kg,50,$7.10
Unifeed,Any,Salt,Iodized Salt Lick,2 kg,10,$2.80
Unifeed,Any,Salt,Iodized Stock Salt,25 kg,40,$9.00
Unifeed,Dog,Pet Food,Lifetime Maintenance Dog Food,18 kg,25,$27.60
Unifeed,Dog,Pet Food,Lifetime Performance Dog Food,18 kg,25,$34.60
Unifeed,Any,Complete Poultry Feeds,Lime Grit,25 kg,40,$4.40
Unifeed,Any,Complete Poultry Feeds,Lime Powder,25 kg,40,$4.40
Unifeed,Cat,Pet Food,Low Ash Cat Food,18 kg,25,$29.00
Unifeed,Any,Salt,Medi Block,20 kg,50,$11.60
Unifeed,Any,Salt,Medi Boot Stock Salt,25 kg,40,$14.70
Unifeed,Any,Grains,Mixed Chop,20 kg,50,$9.80
Unifeed,Any,Misc.,Molasses Pail,25 kg,40,$26.00
Unifeed,Equine,Milk Replacer,Nuresette Foal Milk Replacer,10 kg,,$44.00
Unifeed,Cat,Pet Food,Nu-Way Cat Food,8 kg,60,$10.80
Unifeed,Dog,Pet Food,Nu-Way Dog Food,18 kg,25,$19.20
Unifeed,Any,Grains,"Oats, Barley, Corn, Molasses",20 kg,50,$10.10
Unifeed,Poultry,Complete Poultry Feeds,Oyster Shell,25 kg,40,$12.50
Unifeed,Beef Cattle,Minerals / Supplements,Pasture Saver Mineral w/bovatec,25 kg,40,$31.80
Unifeed,Beef Cattle,Complete Beef Feeds,Performance Bull Ration,20 kg,50,$12.60
Unifeed,Beef Cattle,Complete Beef Feeds,Rumensin Premix 1100mg,20 kg,50,$12.00
Unifeed,Hog,Complete Hog Feeds,S.E.W. Pig Creep Feed (ASP250),20 kg,50,$23.10
Unifeed,Any,Salt,Safety / Icemelt Salt,20 kg,50,$9.90
Unifeed,Any,Grains,Soya Meal,20 kg,50,$15.00
Unifeed,Any,Grains,Steam Rolled Barley (sized),20 kg,50,$8.70
Unifeed,Any,Grains,Steam Rolled Barley with Molasses,20 kg,50,$9.70
Unifeed,Any,Grains,Steam Rolled Corn,20 kg,50,$10.20
Unifeed,Any,Grains,Steam Rolled Oats,20 kg,50,$8.80
Unifeed,Any,Grains,Steam Rolled Oats with molassess,20 kg,50,$9.90
Unifeed,Any,Grains,Steam Rolled Oats/Barley 50/50 w/molasses,20 kg,50,$9.90
Unifeed,Equine,Complete Horse Feeds,Step 1 - Start Right,25 kg,25,$18.30
Unifeed,Equine,Complete Horse Feeds,Step 2 - Extruded Horse Feed,18 kg,25,$18.00
Unifeed,Equine,Complete Horse Feeds,Step 4 - Rocky Mountain Crunch,18 kg,25,$16.00
Unifeed,Equine,Complete Horse Feeds,Step 6 - Senior,20 kg,25,$17.60
Unifeed,Equine,Complete Horse Feeds,Step Right - Hi Fat 20 Horse Feed,25 kg,25,$20.20
Unifeed,Any,Salt,Stock Trace Mineral Salt w/sel,25 kg,40,$10.30
Unifeed,Any,Grains,Suncure Alfalfa Pellets,20 kg,50,$9.10
Unifeed,Any,Pet Food,Sunflower seeds (striped),25 kg,25,$34.00
Unifeed,Any,Salt,Trace Mineral Block w/sel,20 kg,50,$12.30
Unifeed,Sheep,Salt,Trace Mineral Salt for Sheep,25 kg,40,$40.50
Unifeed,Any,Salt,Trace Mineral Salt Lick,2 kg,,$3.20
Unifeed,Beef Cattle,Minerals / Supplements,Triple Gold Breeding Mineral,25 kg,40,$38.30
Unifeed,Any,Minerals / Supplements,Triple Gold Breeding RUM,25 kg,40,$44.60
Unifeed,Beef Cattle,Minerals / Supplements,Triple Gold Calving Mineral,25 kg,40,$35.90
Unifeed,Any,Minerals / Supplements,Triple Gold Calving RUM,25 kg,40,$42.40
Unifeed,Beef Cattle,Minerals / Supplements,Triple Gold Maintenance Mineral,25 kg,40,$20.90
Unifeed,Any,Minerals / Supplements,Triple Gold Maintenance RUM,25 kg,40,$29.10
Unifeed,Any,Pet Food,Unifeed Trout Grower Pellets,10 kg,50,$17.40
Unifeed,Beef Cattle,Complete Beef Feeds,Vitamin ADE (10) Mash,20 kg,50,$33.30
Unifeed,Any,Salt,Water Softner Salt,20 kg,50,$7.70
Unifeed,Any,Grains,Wheat Bran,25 kg,40,$17.40
Unifeed,Any,Salt,White Stock Salt,20 kg,50,$8.80
Unifeed,Any,Grains,Whole Barley,20 kg,50,$8.10
Unifeed,Any,Grains,Whole Corn,20 kg,50,$10.00
Unifeed,Any,Grains,Whole Oats,20 kg,50,$8.60
Unifeed,Any,Grains,Whole Wheat,20 kg,50,$9.20
Unifeed,Any,Pet Food,Wild Bird Seed,25 kg,40,$26.00